epoch, train_loss, val_AP50, val_thr, val_P , val_R , val_F1, val_TP, val_FP, val_FN, infer_ms, lr
    1,     0.1631,   0.9881,    0.97, 0.9884, 0.9884, 0.9884,    599,      7,      7,     44.8, 0.004996655692838327
    2,     0.0767,   0.9752,    0.98, 0.9802, 0.9802, 0.9802,    594,     12,     12,     44.9, 0.004943226672906819
    3,     0.0689,   0.9797,    0.96, 0.9868, 0.9868, 0.9868,    598,      8,      8,     44.8, 0.004825995173648594
    4,     0.0647,   0.9747,    0.97, 0.9818, 0.9818, 0.9818,    595,     11,     11,     44.4, 0.004648054230299624
    5,     0.0631,   0.9851,    0.93, 0.9884, 0.9884, 0.9884,    599,      7,      7,     44.3, 0.004414098635737099
    6,     0.0607,   0.9763,    0.95, 0.9818, 0.9818, 0.9818,    595,     11,     11,     45.3, 0.00413030107308981
    7,     0.0604,   0.9912,    0.96, 0.9917, 0.9917, 0.9917,    601,      5,      5,     45.1, 0.0038041492557002016
    8,     0.0597,   0.9798,    0.93, 0.9835, 0.9835, 0.9835,    596,     10,     10,     44.6, 0.0034442483713364477
    9,     0.0596,   0.9854,    0.97, 0.9884, 0.9884, 0.9884,    599,      7,      7,     44.8, 0.00306009404296539
   10,     0.0583,   0.9872,    0.97, 0.9901, 0.9901, 0.9901,    600,      6,      6,     44.7, 0.0026618217962880615
   11,     0.058 ,   0.9871,    0.97, 0.9901, 0.9901, 0.9901,    600,      6,      6,     44.8, 0.0022599396440849528
   12,     0.0572,   0.9862,    0.96, 0.9901, 0.9901, 0.9901,    600,      6,      6,     45.1, 0.0018650508428642288
   13,     0.0572,   0.99  ,    0.98, 0.9917, 0.9917, 0.9917,    601,      5,      5,     44.2, 0.0014875741365999403
   14,     0.0572,   0.9863,    0.97, 0.9901, 0.9901, 0.9901,    600,      6,      6,     44.4, 0.0011374688686479333
   15,     0.057 ,   0.9823,    0.96, 0.9868, 0.9868, 0.9868,    598,      8,      8,     44.8, 0.0008239722144851595
   16,     0.0567,   0.9899,    0.98, 0.9917, 0.9917, 0.9917,    601,      5,      5,     44.4, 0.000555355468122353
   17,     0.0562,   0.9902,    0.98, 0.9917, 0.9917, 0.9917,    601,      5,      5,     44.6, 0.00033870581232804285
   18,     0.0559,   0.9892,    0.98, 0.9917, 0.9917, 0.9917,    601,      5,      5,     44.8, 0.00017973933043710706
   19,     0.0561,   0.9885,    0.98, 0.9901, 0.9901, 0.9901,    600,      6,      6,     44.4, 8.265019323928954e-05
   20,     0.0559,   0.9894,    0.98, 0.9917, 0.9917, 0.9917,    601,      5,      5,     44.7, 5e-05
