name,split,group,unit,date,time,n_box
002_20200622_203053(2).jpg,train,0,1호기,2020-06-22,20:30:53,3
002_20200622_203057(3).jpg,train,0,1호기,2020-06-22,20:30:57,3
002_20200622_203101(3).jpg,train,0,1호기,2020-06-22,20:31:01,3
002_20200622_203105(4).jpg,train,0,1호기,2020-06-22,20:31:05,3
002_20200622_203109(3).jpg,train,0,1호기,2020-06-22,20:31:09,3
002_20200622_203121(4).jpg,train,0,1호기,2020-06-22,20:31:21,3
002_20200623_003346(4).jpg,train,1,1호기,2020-06-23,00:33:46,3
002_20200623_003350(4).jpg,train,1,1호기,2020-06-23,00:33:50,3
002_20200623_003354(3).jpg,train,1,1호기,2020-06-23,00:33:54,3
002_20200623_003358(2).jpg,train,1,1호기,2020-06-23,00:33:58,3
002_20200623_003402(2).jpg,train,1,1호기,2020-06-23,00:34:02,3
002_20200623_003410(2).jpg,train,1,1호기,2020-06-23,00:34:10,3
002_20200623_043039(3).jpg,train,2,1호기,2020-06-23,04:30:39,3
002_20200623_043043(2).jpg,train,2,1호기,2020-06-23,04:30:43,3
002_20200623_043047(2).jpg,train,2,1호기,2020-06-23,04:30:47,3
002_20200623_043051(3).jpg,train,2,1호기,2020-06-23,04:30:51,3
002_20200623_043055(3).jpg,train,2,1호기,2020-06-23,04:30:55,3
002_20200623_043059(4).jpg,train,2,1호기,2020-06-23,04:30:59,3
002_20200623_082258(6).jpg,train,3,1호기,2020-06-23,08:22:58,3
002_20200623_082302(6).jpg,train,3,1호기,2020-06-23,08:23:02,3
002_20200623_082306(5).jpg,train,3,1호기,2020-06-23,08:23:06,3
002_20200623_082310(6).jpg,train,3,1호기,2020-06-23,08:23:10,3
002_20200623_082314(4).jpg,train,3,1호기,2020-06-23,08:23:14,3
002_20200623_082318(5).jpg,train,3,1호기,2020-06-23,08:23:18,3
002_20200623_123032(7).jpg,train,4,1호기,2020-06-23,12:30:32,3
002_20200623_123036(5).jpg,train,4,1호기,2020-06-23,12:30:36,3
002_20200623_123040(5).jpg,train,4,1호기,2020-06-23,12:30:40,3
002_20200623_123044(3).jpg,train,4,1호기,2020-06-23,12:30:44,3
002_20200623_123048(4).jpg,train,4,1호기,2020-06-23,12:30:48,3
002_20200623_123052(5).jpg,train,4,1호기,2020-06-23,12:30:52,3
002_20200623_163039(5).jpg,train,5,1호기,2020-06-23,16:30:39,3
002_20200623_163043(7).jpg,train,5,1호기,2020-06-23,16:30:43,3
002_20200623_163047(6).jpg,train,5,1호기,2020-06-23,16:30:47,3
002_20200623_163051(7).jpg,train,5,1호기,2020-06-23,16:30:51,3
002_20200623_163055(6).jpg,train,5,1호기,2020-06-23,16:30:55,3
002_20200623_163059(6).jpg,train,5,1호기,2020-06-23,16:30:59,3
002_20200623_203040(4).jpg,test,6,1호기,2020-06-23,20:30:40,3
002_20200623_203044(0).jpg,test,6,1호기,2020-06-23,20:30:44,3
002_20200623_203047(7).jpg,test,6,1호기,2020-06-23,20:30:47,3
002_20200623_203051(2).jpg,test,6,1호기,2020-06-23,20:30:51,3
002_20200623_203054(7).jpg,test,6,1호기,2020-06-23,20:30:54,3
002_20200623_203058(3).jpg,test,6,1호기,2020-06-23,20:30:58,3
002_20200624_003107(0).jpg,train,7,1호기,2020-06-24,00:31:07,3
002_20200624_003111(0).jpg,train,7,1호기,2020-06-24,00:31:11,3
002_20200624_003115(1).jpg,train,7,1호기,2020-06-24,00:31:15,3
002_20200624_003119(1).jpg,train,7,1호기,2020-06-24,00:31:19,3
002_20200624_003123(1).jpg,train,7,1호기,2020-06-24,00:31:23,3
002_20200624_003127(0).jpg,train,7,1호기,2020-06-24,00:31:27,3
002_20200624_043128(1).jpg,train,8,1호기,2020-06-24,04:31:28,3
002_20200624_043132(2).jpg,train,8,1호기,2020-06-24,04:31:32,3
002_20200624_043136(1).jpg,train,8,1호기,2020-06-24,04:31:36,3
002_20200624_043140(2).jpg,train,8,1호기,2020-06-24,04:31:40,3
002_20200624_043144(2).jpg,train,8,1호기,2020-06-24,04:31:44,3
002_20200624_043148(1).jpg,train,8,1호기,2020-06-24,04:31:48,3
002_20200624_083045(5).jpg,train,9,1호기,2020-06-24,08:30:45,3
002_20200624_083049(6).jpg,train,9,1호기,2020-06-24,08:30:49,3
002_20200624_083053(3).jpg,train,9,1호기,2020-06-24,08:30:53,3
002_20200624_083057(4).jpg,train,9,1호기,2020-06-24,08:30:57,3
002_20200624_083101(4).jpg,train,9,1호기,2020-06-24,08:31:01,3
002_20200624_083105(5).jpg,train,9,1호기,2020-06-24,08:31:05,3
002_20200624_123122(6).jpg,val,10,1호기,2020-06-24,12:31:22,3
002_20200624_123126(4).jpg,val,10,1호기,2020-06-24,12:31:26,3
002_20200624_123129(9).jpg,val,10,1호기,2020-06-24,12:31:29,3
002_20200624_123133(0).jpg,val,10,1호기,2020-06-24,12:31:33,3
002_20200624_123136(5).jpg,val,10,1호기,2020-06-24,12:31:36,3
002_20200624_123143(7).jpg,val,10,1호기,2020-06-24,12:31:43,3
002_20200624_162522(0).jpg,train,11,1호기,2020-06-24,16:25:22,3
002_20200624_162527(8).jpg,train,11,1호기,2020-06-24,16:25:27,3
002_20200624_162531(7).jpg,train,11,1호기,2020-06-24,16:25:31,3
002_20200624_162536(8).jpg,train,11,1호기,2020-06-24,16:25:36,3
002_20200624_162540(3).jpg,train,11,1호기,2020-06-24,16:25:40,3
002_20200624_162543(7).jpg,train,11,1호기,2020-06-24,16:25:43,3
002_20200624_203003(9).jpg,train,12,1호기,2020-06-24,20:30:03,3
002_20200624_203012(9).jpg,train,12,1호기,2020-06-24,20:30:12,3
002_20200624_203017(4).jpg,train,12,1호기,2020-06-24,20:30:17,3
002_20200624_203021(9).jpg,train,12,1호기,2020-06-24,20:30:21,3
002_20200624_203026(4).jpg,train,12,1호기,2020-06-24,20:30:26,3
002_20200624_203044(4).jpg,train,12,1호기,2020-06-24,20:30:44,3
002_20200625_003116(4).jpg,train,13,1호기,2020-06-25,00:31:16,3
002_20200625_003120(7).jpg,train,13,1호기,2020-06-25,00:31:20,3
002_20200625_003125(4).jpg,train,13,1호기,2020-06-25,00:31:25,3
002_20200625_003130(0).jpg,train,13,1호기,2020-06-25,00:31:30,3
002_20200625_003134(4).jpg,train,13,1호기,2020-06-25,00:31:34,3
002_20200625_003139(0).jpg,train,13,1호기,2020-06-25,00:31:39,3
002_20200625_042934(9).jpg,test,14,1호기,2020-06-25,04:29:34,3
002_20200625_042939(2).jpg,test,14,1호기,2020-06-25,04:29:39,3
002_20200625_042943(7).jpg,test,14,1호기,2020-06-25,04:29:43,3
002_20200625_042948(3).jpg,test,14,1호기,2020-06-25,04:29:48,3
002_20200625_042952(8).jpg,test,14,1호기,2020-06-25,04:29:52,3
002_20200625_042957(3).jpg,test,14,1호기,2020-06-25,04:29:57,3
002_20200629_082630(7).jpg,train,15,1호기,2020-06-29,08:26:30,3
002_20200629_082639(2).jpg,train,15,1호기,2020-06-29,08:26:39,3
002_20200629_082642(2).jpg,train,15,1호기,2020-06-29,08:26:42,3
002_20200629_082645(4).jpg,train,15,1호기,2020-06-29,08:26:45,3
002_20200714_042641(8).jpg,train,16,1호기,2020-07-14,04:26:41,3
002_20200714_083054(2).jpg,train,17,1호기,2020-07-14,08:30:54,3
002_20200714_083057(5).jpg,train,17,1호기,2020-07-14,08:30:57,3
002_20200714_083101(7).jpg,train,17,1호기,2020-07-14,08:31:01,3
002_20200714_083106(2).jpg,train,17,1호기,2020-07-14,08:31:06,3
002_20200714_083110(8).jpg,train,17,1호기,2020-07-14,08:31:10,3
002_20200714_083115(1).jpg,train,17,1호기,2020-07-14,08:31:15,3
002_20200714_123109(8).jpg,train,18,1호기,2020-07-14,12:31:09,3
002_20200714_123113(1).jpg,train,18,1호기,2020-07-14,12:31:13,3
002_20200714_123117(3).jpg,train,18,1호기,2020-07-14,12:31:17,3
002_20200714_123120(4).jpg,train,18,1호기,2020-07-14,12:31:20,3
002_20200714_123123(5).jpg,train,18,1호기,2020-07-14,12:31:23,3
002_20200714_123126(4).jpg,train,18,1호기,2020-07-14,12:31:26,3
002_20200714_163046(2).jpg,val,19,1호기,2020-07-14,16:30:46,3
002_20200714_163049(8).jpg,val,19,1호기,2020-07-14,16:30:49,3
002_20200714_163053(5).jpg,val,19,1호기,2020-07-14,16:30:53,3
002_20200714_163056(8).jpg,val,19,1호기,2020-07-14,16:30:56,3
002_20200714_163100(2).jpg,val,19,1호기,2020-07-14,16:31:00,3
002_20200714_163103(5).jpg,val,19,1호기,2020-07-14,16:31:03,3
002_20200714_225756(0).jpg,train,20,1호기,2020-07-14,22:57:56,3
002_20200714_225759(8).jpg,train,20,1호기,2020-07-14,22:57:59,3
002_20200714_225803(3).jpg,train,20,1호기,2020-07-14,22:58:03,3
002_20200714_225807(3).jpg,train,20,1호기,2020-07-14,22:58:07,3
002_20200714_225810(5).jpg,train,20,1호기,2020-07-14,22:58:10,3
002_20200714_225817(4).jpg,train,20,1호기,2020-07-14,22:58:17,3
002_20200715_002443(4).jpg,train,21,1호기,2020-07-15,00:24:43,3
002_20200715_002447(9).jpg,train,21,1호기,2020-07-15,00:24:47,3
002_20200715_002456(9).jpg,train,21,1호기,2020-07-15,00:24:56,3
002_20200715_002509(0).jpg,train,21,1호기,2020-07-15,00:25:09,3
002_20200715_002513(4).jpg,train,21,1호기,2020-07-15,00:25:13,3
002_20200905_123103(4).bmp,test,22,1호기,2020-09-05,12:31:03,1
002_20200905_123107(5).bmp,test,22,1호기,2020-09-05,12:31:07,1
002_20200905_123111(6).bmp,test,22,1호기,2020-09-05,12:31:11,1
002_20200905_163920(4).bmp,train,23,1호기,2020-09-05,16:39:20,1
002_20200905_163924(2).bmp,train,23,1호기,2020-09-05,16:39:24,1
002_20200905_163928(3).bmp,train,23,1호기,2020-09-05,16:39:28,1
002_20200905_163932(3).bmp,train,23,1호기,2020-09-05,16:39:32,1
002_20200905_163936(3).bmp,train,23,1호기,2020-09-05,16:39:36,1
002_20200905_163940(2).bmp,train,23,1호기,2020-09-05,16:39:40,1
002_20200905_203836(3).bmp,train,24,1호기,2020-09-05,20:38:36,1
002_20200905_203840(3).bmp,train,24,1호기,2020-09-05,20:38:40,1
002_20200905_203844(2).bmp,train,24,1호기,2020-09-05,20:38:44,1
002_20200905_203848(4).bmp,train,24,1호기,2020-09-05,20:38:48,1
002_20200905_203856(3).bmp,train,24,1호기,2020-09-05,20:38:56,1
002_20200905_203900(3).bmp,train,24,1호기,2020-09-05,20:39:00,1
002_20200906_003059(0).bmp,train,25,1호기,2020-09-06,00:30:59,1
002_20200906_003114(8).bmp,train,25,1호기,2020-09-06,00:31:14,1
002_20200906_003118(7).bmp,train,25,1호기,2020-09-06,00:31:18,1
002_20200906_003122(7).bmp,train,25,1호기,2020-09-06,00:31:22,1
002_20200906_003126(8).bmp,train,25,1호기,2020-09-06,00:31:26,1
002_20200906_003132(7).bmp,train,25,1호기,2020-09-06,00:31:32,1
002_20200907_184813(1).bmp,train,26,1호기,2020-09-07,18:48:13,1
002_20200907_184815(7).bmp,train,26,1호기,2020-09-07,18:48:15,1
002_20200907_184818(2).bmp,train,26,1호기,2020-09-07,18:48:18,1
002_20200907_184823(7).bmp,train,26,1호기,2020-09-07,18:48:23,1
002_20200907_184826(3).bmp,train,26,1호기,2020-09-07,18:48:26,1
002_20200907_184828(8).bmp,train,26,1호기,2020-09-07,18:48:28,1
002_20200907_204635(5).bmp,val,27,1호기,2020-09-07,20:46:35,1
002_20200907_204640(0).bmp,val,27,1호기,2020-09-07,20:46:40,1
002_20200907_204644(5).bmp,val,27,1호기,2020-09-07,20:46:44,1
002_20200907_204649(0).bmp,val,27,1호기,2020-09-07,20:46:49,1
002_20200907_204653(4).bmp,val,27,1호기,2020-09-07,20:46:53,1
002_20200622_203136(3).jpg,val,28,2호기,2020-06-22,20:31:36,3
002_20200622_203140(8).jpg,val,28,2호기,2020-06-22,20:31:40,3
002_20200622_203145(3).jpg,val,28,2호기,2020-06-22,20:31:45,3
002_20200622_203149(8).jpg,val,28,2호기,2020-06-22,20:31:49,3
002_20200622_203154(3).jpg,val,28,2호기,2020-06-22,20:31:54,3
002_20200622_203158(8).jpg,val,28,2호기,2020-06-22,20:31:58,3
002_20200623_003351(2).jpg,train,29,2호기,2020-06-23,00:33:51,3
002_20200623_003355(7).jpg,train,29,2호기,2020-06-23,00:33:55,3
002_20200623_003400(2).jpg,train,29,2호기,2020-06-23,00:34:00,3
002_20200623_003404(7).jpg,train,29,2호기,2020-06-23,00:34:04,3
002_20200623_003409(2).jpg,train,29,2호기,2020-06-23,00:34:09,3
002_20200623_003413(7).jpg,train,29,2호기,2020-06-23,00:34:13,3
002_20200623_043056(0).jpg,train,30,2호기,2020-06-23,04:30:56,3
002_20200623_043100(6).jpg,train,30,2호기,2020-06-23,04:31:00,3
002_20200623_043105(0).jpg,train,30,2호기,2020-06-23,04:31:05,3
002_20200623_043109(4).jpg,train,30,2호기,2020-06-23,04:31:09,3
002_20200623_043115(4).jpg,train,30,2호기,2020-06-23,04:31:15,3
002_20200623_043120(0).jpg,train,30,2호기,2020-06-23,04:31:20,3
002_20200623_082249(3).jpg,train,31,2호기,2020-06-23,08:22:49,3
002_20200623_082253(8).jpg,train,31,2호기,2020-06-23,08:22:53,3
002_20200623_082258(4).jpg,train,31,2호기,2020-06-23,08:22:58,3
002_20200623_082302(7).jpg,train,31,2호기,2020-06-23,08:23:02,3
002_20200623_082307(2).jpg,train,31,2호기,2020-06-23,08:23:07,3
002_20200623_082311(8).jpg,train,31,2호기,2020-06-23,08:23:11,3
002_20200623_123042(0).jpg,test,32,2호기,2020-06-23,12:30:42,3
002_20200623_123046(4).jpg,test,32,2호기,2020-06-23,12:30:46,3
002_20200623_123051(1).jpg,test,32,2호기,2020-06-23,12:30:51,3
002_20200623_123055(5).jpg,test,32,2호기,2020-06-23,12:30:55,2
002_20200623_123100(0).jpg,test,32,2호기,2020-06-23,12:31:00,3
002_20200623_123104(5).jpg,test,32,2호기,2020-06-23,12:31:04,3
002_20200623_163020(3).jpg,train,33,2호기,2020-06-23,16:30:20,3
002_20200623_163023(3).jpg,train,33,2호기,2020-06-23,16:30:23,3
002_20200623_163026(3).jpg,train,33,2호기,2020-06-23,16:30:26,3
002_20200623_163029(6).jpg,train,33,2호기,2020-06-23,16:30:29,3
002_20200623_163032(5).jpg,train,33,2호기,2020-06-23,16:30:32,3
002_20200623_163035(5).jpg,train,33,2호기,2020-06-23,16:30:35,3
002_20200623_203033(6).jpg,train,34,2호기,2020-06-23,20:30:33,3
002_20200623_203038(0).jpg,train,34,2호기,2020-06-23,20:30:38,3
002_20200623_203042(5).jpg,train,34,2호기,2020-06-23,20:30:42,3
002_20200623_203047(0).jpg,train,34,2호기,2020-06-23,20:30:47,3
002_20200623_203050(0).jpg,train,34,2호기,2020-06-23,20:30:50,3
002_20200623_203054(6).jpg,train,34,2호기,2020-06-23,20:30:54,3
002_20200624_003115(6).jpg,train,35,2호기,2020-06-24,00:31:15,3
002_20200624_003118(6).jpg,train,35,2호기,2020-06-24,00:31:18,3
002_20200624_003123(0).jpg,train,35,2호기,2020-06-24,00:31:23,3
002_20200624_003127(5).jpg,train,35,2호기,2020-06-24,00:31:27,3
002_20200624_003132(0).jpg,train,35,2호기,2020-06-24,00:31:32,3
002_20200624_003136(5).jpg,train,35,2호기,2020-06-24,00:31:36,3
002_20200624_043136(9).jpg,train,36,2호기,2020-06-24,04:31:36,3
002_20200624_043141(4).jpg,train,36,2호기,2020-06-24,04:31:41,3
002_20200624_043145(8).jpg,train,36,2호기,2020-06-24,04:31:45,3
002_20200624_043150(3).jpg,train,36,2호기,2020-06-24,04:31:50,3
002_20200624_043154(8).jpg,train,36,2호기,2020-06-24,04:31:54,3
002_20200624_043159(4).jpg,train,36,2호기,2020-06-24,04:31:59,3
002_20200624_083032(4).jpg,test,37,2호기,2020-06-24,08:30:32,3
002_20200624_083036(9).jpg,test,37,2호기,2020-06-24,08:30:36,3
002_20200624_083041(3).jpg,test,37,2호기,2020-06-24,08:30:41,3
002_20200624_083045(8).jpg,test,37,2호기,2020-06-24,08:30:45,3
002_20200624_083050(4).jpg,test,37,2호기,2020-06-24,08:30:50,3
002_20200624_083054(9).jpg,test,37,2호기,2020-06-24,08:30:54,3
002_20200624_123144(0).jpg,train,38,2호기,2020-06-24,12:31:44,3
002_20200624_123148(2).jpg,train,38,2호기,2020-06-24,12:31:48,3
002_20200624_123152(7).jpg,train,38,2호기,2020-06-24,12:31:52,3
002_20200624_123157(4).jpg,train,38,2호기,2020-06-24,12:31:57,3
002_20200624_123201(7).jpg,train,38,2호기,2020-06-24,12:32:01,3
002_20200624_123206(2).jpg,train,38,2호기,2020-06-24,12:32:06,3
002_20200624_162708(9).jpg,val,39,2호기,2020-06-24,16:27:08,3
002_20200624_162713(4).jpg,val,39,2호기,2020-06-24,16:27:13,3
002_20200624_162717(9).jpg,val,39,2호기,2020-06-24,16:27:17,3
002_20200624_162722(4).jpg,val,39,2호기,2020-06-24,16:27:22,3
002_20200624_203111(4).jpg,train,40,2호기,2020-06-24,20:31:11,3
002_20200624_203114(3).jpg,train,40,2호기,2020-06-24,20:31:14,3
002_20200624_203117(3).jpg,train,40,2호기,2020-06-24,20:31:17,3
002_20200624_203120(3).jpg,train,40,2호기,2020-06-24,20:31:20,3
002_20200624_203123(3).jpg,train,40,2호기,2020-06-24,20:31:23,3
002_20200624_203126(3).jpg,train,40,2호기,2020-06-24,20:31:26,3
002_20200625_003352(9).jpg,train,41,2호기,2020-06-25,00:33:52,3
002_20200625_003357(4).jpg,train,41,2호기,2020-06-25,00:33:57,3
002_20200625_003401(8).jpg,train,41,2호기,2020-06-25,00:34:01,3
002_20200625_003406(3).jpg,train,41,2호기,2020-06-25,00:34:06,3
002_20200625_003410(8).jpg,train,41,2호기,2020-06-25,00:34:10,3
002_20200625_003415(4).jpg,train,41,2호기,2020-06-25,00:34:15,3
002_20200629_082823(5).jpg,train,42,2호기,2020-06-29,08:28:23,3
002_20200629_082828(5).jpg,train,42,2호기,2020-06-29,08:28:28,3
002_20200629_082831(3).jpg,train,42,2호기,2020-06-29,08:28:31,3
002_20200629_082834(2).jpg,train,42,2호기,2020-06-29,08:28:34,3
002_20200629_082837(0).jpg,train,42,2호기,2020-06-29,08:28:37,3
002_20200629_082839(9).jpg,train,42,2호기,2020-06-29,08:28:39,3
002_20200629_123442(5).jpg,train,43,2호기,2020-06-29,12:34:42,3
002_20200629_123447(0).jpg,train,43,2호기,2020-06-29,12:34:47,3
002_20200629_123451(5).jpg,train,43,2호기,2020-06-29,12:34:51,3
002_20200629_123456(0).jpg,train,43,2호기,2020-06-29,12:34:56,3
002_20200629_123500(5).jpg,train,43,2호기,2020-06-29,12:35:00,3
002_20200629_123505(0).jpg,train,43,2호기,2020-06-29,12:35:05,3
002_20200629_163656(7).jpg,train,44,2호기,2020-06-29,16:36:56,3
002_20200629_163659(7).jpg,train,44,2호기,2020-06-29,16:36:59,3
002_20200629_163702(8).jpg,train,44,2호기,2020-06-29,16:37:02,3
002_20200629_163705(8).jpg,train,44,2호기,2020-06-29,16:37:05,3
002_20200629_163708(9).jpg,train,44,2호기,2020-06-29,16:37:08,3
002_20200629_163711(8).jpg,train,44,2호기,2020-06-29,16:37:11,3
002_20200831_163149(1).jpg,val,45,2호기,2020-08-31,16:31:49,1
002_20200831_163150(6).jpg,val,45,2호기,2020-08-31,16:31:50,1
002_20200831_203101(4).jpg,train,46,2호기,2020-08-31,20:31:01,1
002_20200831_203105(9).jpg,train,46,2호기,2020-08-31,20:31:05,1
002_20200901_003133(6).jpg,test,47,2호기,2020-09-01,00:31:33,1
002_20200901_003136(6).jpg,test,47,2호기,2020-09-01,00:31:36,1
002_20200901_003139(6).jpg,test,47,2호기,2020-09-01,00:31:39,1
002_20200901_003142(6).jpg,test,47,2호기,2020-09-01,00:31:42,1
002_20200901_003148(6).jpg,test,47,2호기,2020-09-01,00:31:48,1
002_20200901_043133(6).bmp,train,48,2호기,2020-09-01,04:31:33,1
002_20200901_043136(6).bmp,train,48,2호기,2020-09-01,04:31:36,1
002_20200901_043139(6).bmp,train,48,2호기,2020-09-01,04:31:39,1
002_20200901_043142(6).bmp,train,48,2호기,2020-09-01,04:31:42,1
002_20200901_043145(5).bmp,train,48,2호기,2020-09-01,04:31:45,1
002_20200901_043148(6).bmp,train,48,2호기,2020-09-01,04:31:48,1
002_20200901_083204(5).bmp,train,49,2호기,2020-09-01,08:32:04,1
002_20200901_083452(2).bmp,train,50,2호기,2020-09-01,08:34:52,1
002_20200901_083456(7).bmp,train,50,2호기,2020-09-01,08:34:56,1
002_20200901_083501(2).bmp,train,50,2호기,2020-09-01,08:35:01,1
002_20200901_083505(8).bmp,train,50,2호기,2020-09-01,08:35:05,1
002_20200901_083510(2).bmp,train,50,2호기,2020-09-01,08:35:10,1
002_20200901_083514(7).bmp,train,50,2호기,2020-09-01,08:35:14,1
002_20200901_123049(7).bmp,train,51,2호기,2020-09-01,12:30:49,1
002_20200901_123052(7).bmp,train,51,2호기,2020-09-01,12:30:52,1
002_20200901_123100(3).bmp,train,51,2호기,2020-09-01,12:31:00,1
002_20200901_123104(8).bmp,train,51,2호기,2020-09-01,12:31:04,1
002_20200901_123109(2).bmp,train,51,2호기,2020-09-01,12:31:09,1
002_20200901_191340(2).bmp,train,52,2호기,2020-09-01,19:13:40,1
002_20200901_191343(2).bmp,train,52,2호기,2020-09-01,19:13:43,1
002_20200901_191346(1).bmp,train,52,2호기,2020-09-01,19:13:46,1
002_20200901_191348(8).bmp,train,52,2호기,2020-09-01,19:13:48,1
002_20200901_191351(5).bmp,train,52,2호기,2020-09-01,19:13:51,1
002_20200904_230054(2).bmp,train,53,2호기,2020-09-04,23:00:54,1
002_20200904_230057(6).bmp,train,53,2호기,2020-09-04,23:00:57,1
002_20200904_230105(4).bmp,train,53,2호기,2020-09-04,23:01:05,1
002_20200905_003315(2).bmp,val,54,2호기,2020-09-05,00:33:15,1
002_20200905_003319(2).bmp,val,54,2호기,2020-09-05,00:33:19,1
002_20200905_003323(3).bmp,val,54,2호기,2020-09-05,00:33:23,1
002_20200905_003327(3).bmp,val,54,2호기,2020-09-05,00:33:27,1
002_20200905_003331(2).bmp,val,54,2호기,2020-09-05,00:33:31,1
002_20200905_003335(3).bmp,val,54,2호기,2020-09-05,00:33:35,1
002_20200905_043156(0).bmp,train,55,2호기,2020-09-05,04:31:56,1
002_20200905_043200(0).bmp,train,55,2호기,2020-09-05,04:32:00,1
002_20200905_043204(0).bmp,train,55,2호기,2020-09-05,04:32:04,1
002_20200905_043208(0).bmp,train,55,2호기,2020-09-05,04:32:08,1
002_20200905_043212(1).bmp,train,55,2호기,2020-09-05,04:32:12,1
002_20200905_043216(0).bmp,train,55,2호기,2020-09-05,04:32:16,1
002_20200905_083407(3).bmp,train,56,2호기,2020-09-05,08:34:07,1
002_20200905_083410(5).bmp,train,56,2호기,2020-09-05,08:34:10,1
002_20200905_083413(6).bmp,train,56,2호기,2020-09-05,08:34:13,1
002_20200905_083416(3).bmp,train,56,2호기,2020-09-05,08:34:16,1
002_20200905_083419(3).bmp,train,56,2호기,2020-09-05,08:34:19,1
002_20200905_083422(4).bmp,train,56,2호기,2020-09-05,08:34:22,1
002_20200905_123055(0).bmp,train,57,2호기,2020-09-05,12:30:55,1
002_20200905_123058(4).bmp,train,57,2호기,2020-09-05,12:30:58,1
002_20200905_123102(0).bmp,train,57,2호기,2020-09-05,12:31:02,1
002_20200905_123105(0).bmp,train,57,2호기,2020-09-05,12:31:05,1
002_20200905_123108(4).bmp,train,57,2호기,2020-09-05,12:31:08,1
002_20200905_123112(0).bmp,train,57,2호기,2020-09-05,12:31:12,1
002_20200905_163922(9).bmp,train,58,2호기,2020-09-05,16:39:22,1
002_20200905_163926(4).bmp,train,58,2호기,2020-09-05,16:39:26,1
002_20200905_163929(7).bmp,train,58,2호기,2020-09-05,16:39:29,1
002_20200905_163932(9).bmp,train,58,2호기,2020-09-05,16:39:32,1
002_20200905_163936(2).bmp,train,58,2호기,2020-09-05,16:39:36,1
002_20200905_163939(7).bmp,train,58,2호기,2020-09-05,16:39:39,1
002_20200905_204033(3).bmp,train,59,2호기,2020-09-05,20:40:33,1
002_20200905_204039(5).bmp,train,59,2호기,2020-09-05,20:40:39,1
002_20200905_204042(9).bmp,train,59,2호기,2020-09-05,20:40:42,1
002_20200905_204046(0).bmp,train,59,2호기,2020-09-05,20:40:46,1
002_20200905_204049(1).bmp,train,59,2호기,2020-09-05,20:40:49,1
002_20200905_204052(3).bmp,train,59,2호기,2020-09-05,20:40:52,1
002_20200906_003114(0).bmp,train,60,2호기,2020-09-06,00:31:14,1
002_20200906_003117(3).bmp,train,60,2호기,2020-09-06,00:31:17,1
002_20200906_003120(8).bmp,train,60,2호기,2020-09-06,00:31:20,1
002_20200906_003124(0).bmp,train,60,2호기,2020-09-06,00:31:24,1
002_20200906_003127(3).bmp,train,60,2호기,2020-09-06,00:31:27,1
002_20200906_003130(7).bmp,train,60,2호기,2020-09-06,00:31:30,1
001_20200622_203305(8).jpg,train,61,3호기,2020-06-22,20:33:05,3
001_20200622_203309(1).jpg,train,61,3호기,2020-06-22,20:33:09,3
001_20200622_203312(6).jpg,train,61,3호기,2020-06-22,20:33:12,3
001_20200622_203316(0).jpg,train,61,3호기,2020-06-22,20:33:16,3
001_20200622_203319(4).jpg,train,61,3호기,2020-06-22,20:33:19,3
001_20200622_203330(3).jpg,train,61,3호기,2020-06-22,20:33:30,3
001_20200623_003516(8).jpg,val,62,3호기,2020-06-23,00:35:16,3
001_20200623_003520(5).jpg,val,62,3호기,2020-06-23,00:35:20,3
001_20200623_003524(0).jpg,val,62,3호기,2020-06-23,00:35:24,3
001_20200623_003529(0).jpg,val,62,3호기,2020-06-23,00:35:29,3
001_20200623_003532(5).jpg,val,62,3호기,2020-06-23,00:35:32,3
001_20200623_003536(0).jpg,val,62,3호기,2020-06-23,00:35:36,3
001_20200623_043227(1).jpg,train,63,3호기,2020-06-23,04:32:27,3
001_20200623_043231(6).jpg,train,63,3호기,2020-06-23,04:32:31,3
001_20200623_043236(1).jpg,train,63,3호기,2020-06-23,04:32:36,3
001_20200623_043240(6).jpg,train,63,3호기,2020-06-23,04:32:40,3
001_20200623_043245(2).jpg,train,63,3호기,2020-06-23,04:32:45,3
001_20200623_043249(6).jpg,train,63,3호기,2020-06-23,04:32:49,3
001_20200623_082407(9).jpg,test,64,3호기,2020-06-23,08:24:07,3
001_20200623_082411(0).jpg,test,64,3호기,2020-06-23,08:24:11,3
001_20200623_082414(1).jpg,test,64,3호기,2020-06-23,08:24:14,3
001_20200623_082416(7).jpg,test,64,3호기,2020-06-23,08:24:16,3
001_20200623_082419(6).jpg,test,64,3호기,2020-06-23,08:24:19,3
001_20200623_082422(5).jpg,test,64,3호기,2020-06-23,08:24:22,3
001_20200623_123214(3).jpg,train,65,3호기,2020-06-23,12:32:14,3
001_20200623_123223(3).jpg,train,65,3호기,2020-06-23,12:32:23,3
001_20200623_123232(3).jpg,train,65,3호기,2020-06-23,12:32:32,3
001_20200623_123236(9).jpg,train,65,3호기,2020-06-23,12:32:36,3
001_20200623_123241(3).jpg,train,65,3호기,2020-06-23,12:32:41,3
001_20200623_123245(8).jpg,train,65,3호기,2020-06-23,12:32:45,3
001_20200623_163159(5).jpg,train,66,3호기,2020-06-23,16:31:59,3
001_20200623_163209(3).jpg,train,66,3호기,2020-06-23,16:32:09,3
001_20200623_163212(9).jpg,train,66,3호기,2020-06-23,16:32:12,3
001_20200623_163216(2).jpg,train,66,3호기,2020-06-23,16:32:16,3
001_20200623_163219(5).jpg,train,66,3호기,2020-06-23,16:32:19,3
001_20200623_163222(9).jpg,train,66,3호기,2020-06-23,16:32:22,3
001_20200623_203217(4).jpg,train,67,3호기,2020-06-23,20:32:17,3
001_20200623_203222(0).jpg,train,67,3호기,2020-06-23,20:32:22,3
001_20200623_203226(3).jpg,train,67,3호기,2020-06-23,20:32:26,3
001_20200623_203230(9).jpg,train,67,3호기,2020-06-23,20:32:30,3
001_20200623_203235(3).jpg,train,67,3호기,2020-06-23,20:32:35,3
001_20200623_203247(5).jpg,train,67,3호기,2020-06-23,20:32:47,3
001_20200624_003240(4).jpg,train,68,3호기,2020-06-24,00:32:40,3
001_20200624_003244(2).jpg,train,68,3호기,2020-06-24,00:32:44,3
001_20200624_003247(7).jpg,train,68,3호기,2020-06-24,00:32:47,3
001_20200624_003251(1).jpg,train,68,3호기,2020-06-24,00:32:51,3
001_20200624_003254(3).jpg,train,68,3호기,2020-06-24,00:32:54,3
001_20200624_003303(5).jpg,train,68,3호기,2020-06-24,00:33:03,3
001_20200624_043315(2).jpg,train,69,3호기,2020-06-24,04:33:15,3
001_20200624_043324(2).jpg,train,69,3호기,2020-06-24,04:33:24,3
001_20200624_043328(7).jpg,train,69,3호기,2020-06-24,04:33:28,3
001_20200624_043333(2).jpg,train,69,3호기,2020-06-24,04:33:33,3
001_20200624_043337(8).jpg,train,69,3호기,2020-06-24,04:33:37,3
001_20200624_043349(7).jpg,train,69,3호기,2020-06-24,04:33:49,3
001_20200624_083150(7).jpg,train,70,3호기,2020-06-24,08:31:50,3
001_20200624_083153(8).jpg,train,70,3호기,2020-06-24,08:31:53,3
001_20200624_083156(9).jpg,train,70,3호기,2020-06-24,08:31:56,3
001_20200624_083159(6).jpg,train,70,3호기,2020-06-24,08:31:59,3
001_20200624_083202(6).jpg,train,70,3호기,2020-06-24,08:32:02,3
001_20200624_083205(7).jpg,train,70,3호기,2020-06-24,08:32:05,3
001_20200624_123313(4).jpg,train,71,3호기,2020-06-24,12:33:13,3
001_20200624_123317(8).jpg,train,71,3호기,2020-06-24,12:33:17,3
001_20200624_123322(3).jpg,train,71,3호기,2020-06-24,12:33:22,3
001_20200624_123326(6).jpg,train,71,3호기,2020-06-24,12:33:26,3
001_20200624_123331(2).jpg,train,71,3호기,2020-06-24,12:33:31,3
001_20200624_123335(6).jpg,train,71,3호기,2020-06-24,12:33:35,3
001_20200624_162816(3).jpg,test,72,3호기,2020-06-24,16:28:16,3
001_20200624_162821(2).jpg,test,72,3호기,2020-06-24,16:28:21,3
001_20200624_162831(2).jpg,test,72,3호기,2020-06-24,16:28:31,3
001_20200624_162835(8).jpg,test,72,3호기,2020-06-24,16:28:35,3
001_20200624_203149(7).jpg,train,73,3호기,2020-06-24,20:31:49,3
001_20200624_203154(3).jpg,train,73,3호기,2020-06-24,20:31:54,3
001_20200624_203203(1).jpg,train,73,3호기,2020-06-24,20:32:03,3
001_20200624_203207(8).jpg,train,73,3호기,2020-06-24,20:32:07,3
001_20200624_203212(2).jpg,train,73,3호기,2020-06-24,20:32:12,3
001_20200624_203225(8).jpg,train,73,3호기,2020-06-24,20:32:25,3
001_20200625_003507(0).jpg,train,74,3호기,2020-06-25,00:35:07,3
001_20200625_003511(4).jpg,train,74,3호기,2020-06-25,00:35:11,3
001_20200625_003515(9).jpg,train,74,3호기,2020-06-25,00:35:15,3
001_20200625_003520(4).jpg,train,74,3호기,2020-06-25,00:35:20,3
001_20200625_003524(9).jpg,train,74,3호기,2020-06-25,00:35:24,3
001_20200625_003529(2).jpg,train,74,3호기,2020-06-25,00:35:29,3
001_20200625_043323(7).jpg,train,75,3호기,2020-06-25,04:33:23,3
001_20200625_043328(3).jpg,train,75,3호기,2020-06-25,04:33:28,3
001_20200625_043337(3).jpg,train,75,3호기,2020-06-25,04:33:37,3
001_20200625_043341(7).jpg,train,75,3호기,2020-06-25,04:33:41,3
001_20200625_043346(2).jpg,train,75,3호기,2020-06-25,04:33:46,3
001_20200625_043359(8).jpg,train,75,3호기,2020-06-25,04:33:59,3
001_20200629_082825(1).jpg,train,76,3호기,2020-06-29,08:28:25,3
001_20200629_082828(0).jpg,train,76,3호기,2020-06-29,08:28:28,3
001_20200629_082831(0).jpg,train,76,3호기,2020-06-29,08:28:31,3
001_20200629_082834(2).jpg,train,76,3호기,2020-06-29,08:28:34,3
001_20200629_082837(2).jpg,train,76,3호기,2020-06-29,08:28:37,3
001_20200629_082840(2).jpg,train,76,3호기,2020-06-29,08:28:40,3
001_20200629_082905(4).jpg,train,76,3호기,2020-06-29,08:29:05,3
001_20200629_123107(1).jpg,val,77,3호기,2020-06-29,12:31:07,3
001_20200629_123111(6).jpg,val,77,3호기,2020-06-29,12:31:11,3
001_20200629_123116(1).jpg,val,77,3호기,2020-06-29,12:31:16,3
001_20200629_123120(6).jpg,val,77,3호기,2020-06-29,12:31:20,3
001_20200629_123125(2).jpg,val,77,3호기,2020-06-29,12:31:25,3
001_20200727_204954(7).jpg,train,78,3호기,2020-07-27,20:49:54,1
001_20200727_204958(2).jpg,train,78,3호기,2020-07-27,20:49:58,1
001_20200728_014351(3).jpg,train,79,3호기,2020-07-28,01:43:51,1
001_20200728_014355(2).jpg,train,79,3호기,2020-07-28,01:43:55,1
001_20200728_043138(3).jpg,train,80,3호기,2020-07-28,04:31:38,1
001_20200728_043141(5).jpg,train,80,3호기,2020-07-28,04:31:41,1
001_20200728_083108(2).jpg,train,81,3호기,2020-07-28,08:31:08,1
001_20200728_083116(1).jpg,train,81,3호기,2020-07-28,08:31:16,1
001_20200728_123129(2).jpg,train,82,3호기,2020-07-28,12:31:29,1
001_20200728_123132(4).jpg,train,82,3호기,2020-07-28,12:31:32,1
001_20200728_163910(5).jpg,train,83,3호기,2020-07-28,16:39:10,1
001_20200728_163913(6).jpg,train,83,3호기,2020-07-28,16:39:13,1
001_20200810_085043(8).jpg,train,84,3호기,2020-08-10,08:50:43,1
001_20200810_123047(8).jpg,train,85,3호기,2020-08-10,12:30:47,1
001_20200810_123051(3).jpg,train,85,3호기,2020-08-10,12:30:51,1
001_20200810_163112(8).jpg,train,86,3호기,2020-08-10,16:31:12,1
001_20200810_163116(0).jpg,train,86,3호기,2020-08-10,16:31:16,1
001_20200810_203208(7).jpg,test,87,3호기,2020-08-10,20:32:08,1
001_20200810_203212(6).jpg,test,87,3호기,2020-08-10,20:32:12,1
001_20200811_003323(2).jpg,train,88,3호기,2020-08-11,00:33:23,1
001_20200811_003327(0).jpg,train,88,3호기,2020-08-11,00:33:27,1
001_20200811_043037(3).jpg,train,89,3호기,2020-08-11,04:30:37,1
001_20200811_043041(6).jpg,train,89,3호기,2020-08-11,04:30:41,1
001_20200814_033012(7).jpg,train,90,3호기,2020-08-14,03:30:12,1
001_20200814_033016(6).jpg,train,90,3호기,2020-08-14,03:30:16,1
001_20200814_043321(6).jpg,val,91,3호기,2020-08-14,04:33:21,1
001_20200814_083045(8).jpg,test,92,3호기,2020-08-14,08:30:45,1
001_20200814_083051(9).jpg,test,92,3호기,2020-08-14,08:30:51,1
001_20200814_123136(2).jpg,train,93,3호기,2020-08-14,12:31:36,1
001_20200814_123143(5).jpg,train,93,3호기,2020-08-14,12:31:43,1
001_20200814_163101(7).jpg,train,94,3호기,2020-08-14,16:31:01,1
001_20200814_163105(1).jpg,train,94,3호기,2020-08-14,16:31:05,1
001_20200814_203438(9).jpg,train,95,3호기,2020-08-14,20:34:38,1
001_20200814_203442(4).jpg,train,95,3호기,2020-08-14,20:34:42,1
001_20200815_003438(6).jpg,train,96,3호기,2020-08-15,00:34:38,1
001_20200815_003529(0).jpg,train,96,3호기,2020-08-15,00:35:29,1
001_20200818_083145(2).jpg,train,97,3호기,2020-08-18,08:31:45,1
001_20200818_083159(7).jpg,train,97,3호기,2020-08-18,08:31:59,1
001_20200818_123634(4).jpg,train,98,3호기,2020-08-18,12:36:34,1
001_20200818_163230(6).jpg,train,99,3호기,2020-08-18,16:32:30,1
001_20200818_163233(9).jpg,train,99,3호기,2020-08-18,16:32:33,1
001_20200818_203601(4).jpg,train,100,3호기,2020-08-18,20:36:01,1
001_20200818_203607(4).jpg,train,100,3호기,2020-08-18,20:36:07,1
001_20200819_003039(4).jpg,train,101,3호기,2020-08-19,00:30:39,1
001_20200819_003044(1).jpg,train,101,3호기,2020-08-19,00:30:44,1
001_20200819_043209(9).jpg,train,102,3호기,2020-08-19,04:32:09,1
001_20200819_043216(0).jpg,train,102,3호기,2020-08-19,04:32:16,1
001_20200819_083353(5).jpg,train,103,3호기,2020-08-19,08:33:53,1
001_20200819_083401(0).jpg,train,103,3호기,2020-08-19,08:34:01,1
001_20200819_124414(0).jpg,train,104,3호기,2020-08-19,12:44:14,1
001_20200819_124415(9).jpg,train,104,3호기,2020-08-19,12:44:15,1
001_20200819_162723(4).jpg,train,105,3호기,2020-08-19,16:27:23,1
001_20200821_150525(5).jpg,train,106,3호기,2020-08-21,15:05:25,1
001_20200821_150529(4).jpg,train,106,3호기,2020-08-21,15:05:29,1
001_20200821_163349(7).jpg,val,107,3호기,2020-08-21,16:33:49,1
001_20200821_163353(8).jpg,val,107,3호기,2020-08-21,16:33:53,1
001_20200826_023328(3).jpg,train,108,3호기,2020-08-26,02:33:28,1
001_20200826_023332(5).jpg,train,108,3호기,2020-08-26,02:33:32,1
001_20200826_043252(8).jpg,train,109,3호기,2020-08-26,04:32:52,1
001_20200826_043255(8).jpg,train,109,3호기,2020-08-26,04:32:55,1
001_20200826_123711(3).jpg,train,110,3호기,2020-08-26,12:37:11,1
001_20200826_123714(5).jpg,train,110,3호기,2020-08-26,12:37:14,1
001_20200831_083711(6).jpg,test,111,3호기,2020-08-31,08:37:11,1
001_20200831_083714(8).jpg,test,111,3호기,2020-08-31,08:37:14,1
001_20200831_123316(5).jpg,test,112,3호기,2020-08-31,12:33:16,1
001_20200922_163332(2).jpg,val,113,3호기,2020-09-22,16:33:32,1
001_20200922_163335(3).jpg,val,113,3호기,2020-09-22,16:33:35,1
