epoch,time_min,train_loss,lr,val_ap50,val_ap50_95,fitness
1,2.82,47.1098,2.00e-04,0.9757,0.5112,0.5577
2,5.43,14.742,2.00e-04,0.9846,0.5711,0.6125
3,6.53,12.9591,1.99e-04,0.9791,0.5898,0.6287
4,8.69,12.4806,1.98e-04,0.9869,0.6183,0.6551
5,10.58,12.1902,1.97e-04,0.9861,0.618,0.6548
6,13.24,11.9723,1.95e-04,0.9784,0.5364,0.5806
7,15.67,11.8619,1.93e-04,0.9815,0.5908,0.6299
8,17.49,11.7467,1.91e-04,0.9882,0.631,0.6668
9,18.89,11.6753,1.88e-04,0.9905,0.6249,0.6614
10,21.45,11.5616,1.85e-04,0.9872,0.6286,0.6645
11,24.03,11.5682,1.82e-04,0.9887,0.6233,0.6599
12,26.55,11.5026,1.79e-04,0.9878,0.614,0.6514
13,28.89,11.426,1.75e-04,0.9907,0.6243,0.6609
14,31.49,11.3703,1.71e-04,0.9884,0.6425,0.6771
15,34.04,11.3761,1.66e-04,0.991,0.6294,0.6656
16,36.61,11.321,1.62e-04,0.9825,0.6318,0.6669
17,39.25,11.296,1.57e-04,0.9848,0.6335,0.6686
18,41.8,11.3464,1.52e-04,0.9876,0.621,0.6577
19,44.24,11.286,1.46e-04,0.9838,0.6414,0.6757
20,46.63,11.2467,1.41e-04,0.9908,0.6287,0.6649
21,49.57,11.2086,1.36e-04,0.9868,0.6312,0.6668
22,51.56,11.2177,1.30e-04,0.9884,0.6343,0.6697
23,54.0,11.1384,1.24e-04,0.9859,0.6425,0.6769
24,56.33,11.0986,1.19e-04,0.9904,0.6435,0.6782
25,58.82,11.1537,1.13e-04,0.9875,0.6391,0.6739
26,61.41,11.0747,1.07e-04,0.987,0.6395,0.6743
27,63.8,11.0882,1.01e-04,0.9863,0.6446,0.6788
28,66.22,11.088,9.57e-05,0.9901,0.643,0.6777
29,68.89,11.0338,9.00e-05,0.9884,0.6394,0.6743
30,71.25,11.0459,8.44e-05,0.9902,0.6492,0.6833
31,73.68,10.9886,7.90e-05,0.9905,0.643,0.6778
32,75.92,10.9696,7.36e-05,0.988,0.6342,0.6696
33,78.54,10.9623,6.84e-05,0.9883,0.6532,0.6867
34,80.91,10.9087,6.34e-05,0.9883,0.647,0.6811
35,83.25,10.9044,5.86e-05,0.9891,0.6399,0.6748
36,1021.42,10.9118,5.39e-05,0.9906,0.6451,0.6797
37,1022.36,10.8705,4.95e-05,0.9887,0.6434,0.6779
38,1023.34,10.8762,4.54e-05,0.9913,0.6468,0.6812
39,1025.28,10.8622,4.15e-05,0.9926,0.6426,0.6776
40,1027.8,10.8211,3.79e-05,0.9925,0.6413,0.6765
41,1029.62,10.8055,3.46e-05,0.9917,0.6515,0.6855
42,1031.33,10.8478,3.16e-05,0.9941,0.6469,0.6816
43,1033.59,10.8249,2.89e-05,0.9941,0.6458,0.6806
