epoch,train_loss,val_AP50,val_thr,val_P,val_R,val_F1,val_TP,val_FP,val_FN,infer_ms,lr
1,0.5031,0.9214,0.72,0.9104,0.9059,0.9082,549,54,57,12.0,0.004996655692838327
2,0.6441,0.9483,0.55,0.954,0.9587,0.9564,581,28,25,11.9,0.004943226672906819
3,0.6231,0.959,0.72,0.9704,0.9752,0.9728,591,18,15,11.8,0.004825995173648594
4,0.6004,0.9596,0.84,0.9672,0.9736,0.9704,590,20,16,12.2,0.004648054230299624
5,0.6253,0.9662,0.75,0.9655,0.9686,0.9671,587,21,19,11.7,0.004414098635737099
6,0.6148,0.9674,0.79,0.9655,0.9703,0.9679,588,21,18,12.1,0.00413030107308981
7,0.6129,0.9647,0.89,0.9704,0.9736,0.972,590,18,16,11.6,0.0038041492557002016
8,0.6153,0.9761,0.84,0.9819,0.9851,0.9835,597,11,9,30.3,0.0034442483713364477
9,0.6323,0.9695,0.88,0.972,0.9752,0.9736,591,17,15,29.6,0.00306009404296539
10,0.6497,0.9736,0.85,0.9802,0.9818,0.981,595,12,11,11.6,0.0026618217962880615
11,0.6793,0.9844,0.8,0.982,0.9884,0.9852,599,11,7,30.9,0.0022599396440849528
12,0.6655,0.9693,0.89,0.9721,0.9785,0.9753,593,17,13,11.7,0.0018650508428642288
13,0.688,0.9804,0.83,0.9788,0.9884,0.9836,599,13,7,12.1,0.0014875741365999403
14,0.6739,0.9807,0.94,0.9819,0.9835,0.9827,596,11,10,11.4,0.0011374688686479333
15,0.6704,0.9838,0.91,0.982,0.9901,0.986,600,11,6,44.3,0.0008239722144851595
16,0.6563,0.9864,0.92,0.9868,0.9901,0.9885,600,8,6,11.7,0.000555355468122353
17,0.6711,0.9786,0.89,0.9787,0.9868,0.9827,598,13,8,11.1,0.00033870581232804285
18,0.6614,0.9868,0.93,0.9852,0.9917,0.9885,601,9,5,11.5,0.00017973933043710706
19,0.6601,0.9794,0.94,0.9803,0.9851,0.9827,597,12,9,11.4,8.265019323928954e-05
20,0.6674,0.9744,0.93,0.977,0.9818,0.9794,595,14,11,11.9,5e-05
